Total Return,Sharpe Ratio,Max Drawdown
0.1297474952798309,1.0329041559690717,-0.0545057464151524
0.1690227225568426,1.4316756928245584,-0.0507135219405225
0.1871672020771768,1.5868562764828869,-0.0507135219405224
0.1802996323481684,1.5239786886992603,-0.0507135219405225
0.1811115471825148,1.530472501022222,-0.0507135219405224
0.189061058940654,1.589023316737825,-0.0507135219405225
0.1773569825013188,1.4835369185714171,-0.0507135219405223
0.1832273027120605,1.5343556614215372,-0.0507135219405223
0.20501797115976483,1.7423348771935547,-0.05071352194052248
