Total Return,Sharpe Ratio,Max Drawdown
0.1297474952798309,1.0329041559690717,-0.0545057464151524
0.1690227225568426,1.4316756928245584,-0.05071352194052259
