Total Return,Sharpe Ratio,Max Drawdown
0.12974749527983098,1.0329041559690715,-0.05450574641515249
