{
    "Total Return": 0.12974749527983098,
    "Sharpe Ratio": 1.0329041559690715,
    "Max Drawdown": -0.05450574641515249
}