{
    "Total Return": 0.18906105894065406,
    "Sharpe Ratio": 1.589023316737825,
    "Max Drawdown": -0.05071352194052259
}