{
    "Total Return": 0.23464513529675424,
    "Sharpe Ratio": 1.9641690927674522,
    "Max Drawdown": -0.050713521940522366
}