{
    "Total Return": 0.2006433711025395,
    "Sharpe Ratio": 1.7143171283357672,
    "Max Drawdown": -0.050713521940522255
}