{
    "Total Return": 0.20445318560835335,
    "Sharpe Ratio": 1.749375507209248,
    "Max Drawdown": -0.05071352194052248
}