{
    "Total Return": 0.18029963234816848,
    "Sharpe Ratio": 1.5239786886992603,
    "Max Drawdown": -0.05071352194052259
}