{
    "Total Return": 0.22082132449967307,
    "Sharpe Ratio": 1.8725699711384185,
    "Max Drawdown": -0.05071352194052303
}