{
    "Total Return": 0.21645798961448715,
    "Sharpe Ratio": 1.8361429857943241,
    "Max Drawdown": -0.050713521940522255
}