{
    "Total Return": 0.21594132817066014,
    "Sharpe Ratio": 1.8085317119760154,
    "Max Drawdown": -0.050713519408160046
}