{
    "Total Return": 0.1690227225568426,
    "Sharpe Ratio": 1.4316756928245584,
    "Max Drawdown": -0.05071352194052259
}