{
    "Total Return": 0.16731979750816395,
    "Sharpe Ratio": 1.4167346236919989,
    "Max Drawdown": -0.05071352194052259,
    "Objective": 1.3913778627217375
}