{
    "Total Return": 0.17735698250131882,
    "Sharpe Ratio": 1.4835369185714171,
    "Max Drawdown": -0.050713521940522366
}