{
    "Total Return": 0.23820655737722762,
    "Sharpe Ratio": 2.001777999969921,
    "Max Drawdown": -0.050713521940522366
}