{
    "Total Return": 0.18322730271206056,
    "Sharpe Ratio": 1.5343556614215372,
    "Max Drawdown": -0.050713521940522366
}