{
    "Total Return": 0.18111154718251488,
    "Sharpe Ratio": 1.530472501022222,
    "Max Drawdown": -0.05071352194052248
}