{
    "Total Return": 0.24391848509521497,
    "Sharpe Ratio": 1.9922904231763165,
    "Max Drawdown": -0.050713604177726856
}