{
    "Total Return": 0.2150371743127395,
    "Sharpe Ratio": 1.800331426349191,
    "Max Drawdown": -0.05071351940816049
}