{
    "Total Return": 0.22283351180593058,
    "Sharpe Ratio": 1.8727210881622123,
    "Max Drawdown": -0.0507135219405227
}