{
    "Total Return": 0.20501797115976483,
    "Sharpe Ratio": 1.7423348771935547,
    "Max Drawdown": -0.05071352194052248
}