{
    "Total Return": 0.2241652837089687,
    "Sharpe Ratio": 1.8577129022130408,
    "Max Drawdown": -0.05071351940816038
}