{
    "Total Return": 0.18716720207717685,
    "Sharpe Ratio": 1.5868562764828869,
    "Max Drawdown": -0.05071352194052248
}