{
    "Total Return": 0.211547806331279,
    "Sharpe Ratio": 1.772740683411568,
    "Max Drawdown": -0.050713519408159935
}